{
  "textComponents": {
    "name": {
      "key": "enhancedcelestials.name.super_harvest_moon"
    },
    "startNotification": {
      "component": {
        "key": "enhancedcelestials.notification.super_harvest_moon.rise",
        "style": {
          "color": "ffff55",
          "bold": true
        }
      },
      "type": "CHAT"
    },
    "endNotification": {
      "component": {
        "key": "enhancedcelestials.notification.super_harvest_moon.set"
      },
      "type": "CHAT"
    }
  },
  "blockSleeping": false,
  "enhancedCrops": [
    "enhancedcelestials:item_tag_harvest_moon_crops"
  ],
  "cropDropMultiplier": 4.0,
  "clientSettings": {
    "colorSettings": {
      "skyLightColor": "ffdb63",
      "skyLightBlendStrength": 1.0,
      "moonTextureColor": "ffdb63",
      "moonTextureBlendStrength": 1.0
    },
    "moonSize": 40.0,
    "moonTextureLocation": "minecraft:textures/environment/moon_phases.png",
    "soundTrack": "enhancedcelestials:harvest_moon",
    "type": "enhancedcelestials:default"
  },
  "minNumberOfNightsBetween": 5,
  "chance": 0.03,
  "validMoonPhases": [
    0
  ],
  "type": "enhancedcelestials:harvest_moon"
}