{
	"profession":"wanderer",
	"removeOtherTrades":true,
	"trades":[
	   {
			"isRare":false,
			"offer":{
				"itemKey":"minecraft:gunpowder",
				"amount":2
			},
			"request":{
				"itemKey":"apocalypsenow:money",
				"amount":1
			},
			"tradeExp":10,
			"maxUses":64,
			"priceMultiplier":0.0,
			"demand":0,
		  "tradeLevel":1
	   },
	   {
			"isRare":false,
			"offer":{
			"itemKey":"farmersdelight:mutton_wrap",
			"amount":2
			},
			"request":{
			"itemKey":"apocalypsenow:money",
			"amount":1
			},
			"tradeExp":10,
			"maxUses":8,
			"priceMultiplier":0.0,
			"demand":0,
			"tradeLevel":1
	   },
	   {
			"isRare":false,
			"offer":{
			"itemKey":"farmersdelight:bacon_sandwich",
			"amount":2
			},
			"request":{
			"itemKey":"apocalypsenow:money",
			"amount":1
			},
			"tradeExp":10,
			"maxUses":8,
			"priceMultiplier":0.0,
			"demand":0,
			"tradeLevel":1
	   },
	   {
			"isRare":false,
			"offer":{
			"itemKey":"apocalypsenow:medicalkit",
			"amount":1
			},
			"request":{
			"itemKey":"apocalypsenow:money",
			"amount":6
			},
			"tradeExp":10,
			"maxUses":16,
			"priceMultiplier":0.0,
			"demand":0,
			"tradeLevel":1
	   },
	   {
			"isRare":false,
			"offer":{
			"itemKey":"immersiveengineering:stick_steel",
			"amount":1
			},
			"request":{
			"itemKey":"apocalypsenow:money",
			"amount":3
			},
			"tradeExp":10,
			"maxUses":12,
			"priceMultiplier":0.0,
			"demand":0,
			"tradeLevel":1
	   },
	   {
			"isRare":false,
			"offer":{
			"itemKey":"immersiveengineering:ingot_steel",
			"amount":1
			},
			"request":{
			"itemKey":"apocalypsenow:money",
			"amount":5
			},
			"tradeExp":10,
			"maxUses":12,
			"priceMultiplier":0.0,
			"demand":0,
			"tradeLevel":1
	   },
	   {
			"isRare":false,
			"offer":{
			"itemKey":"immersiveengineering:ingot_aluminum",
			"amount":1
			},
			"request":{
			"itemKey":"apocalypsenow:money",
			"amount":5
			},
			"tradeExp":10,
			"maxUses":12,
			"priceMultiplier":0.0,
			"demand":0,
			"tradeLevel":1
	   },
	   {
			"isRare":false,
			"offer":{
			"itemKey":"tac:9mm_round",
			"amount":12
			},
			"request":{
			"itemKey":"apocalypsenow:money",
			"amount":4
			},
			"tradeExp":10,
			"maxUses":8,
			"priceMultiplier":0.0,
			"demand":0,
			"tradeLevel":1
	   },
	   {
			"isRare":false,
			"offer":{
			"itemKey":"tac:10_gauge_round",
			"amount":12
			},
			"request":{
			"itemKey":"apocalypsenow:money",
			"amount":4
			},
			"tradeExp":10,
			"maxUses":8,
			"priceMultiplier":0.0,
			"demand":0,
			"tradeLevel":1
	   },
	   {
			"isRare":false,
			"offer":{
			"itemKey":"tac:b_magnum",
			"amount":8
			},
			"request":{
			"itemKey":"apocalypsenow:money",
			"amount":6
			},
			"tradeExp":10,
			"maxUses":8,
			"priceMultiplier":0.0,
			"demand":0,
			"tradeLevel":1
	   },
	   {
			"isRare":false,
			"offer":{
			"itemKey":"tac:ae50",
			"amount":8
			},
			"request":{
			"itemKey":"apocalypsenow:money",
			"amount":4
			},
			"tradeExp":10,
			"maxUses":8,
			"priceMultiplier":0.0,
			"demand":0,
			"tradeLevel":1
	   },
	   {
			"isRare":false,
			"offer":{
			"itemKey":"tac:round45",
			"amount":8
			},
			"request":{
			"itemKey":"apocalypsenow:money",
			"amount":4
			},
			"tradeExp":10,
			"maxUses":8,
			"priceMultiplier":0.0,
			"demand":0,
			"tradeLevel":1
	   },
	   {
		  "isRare":true,
		  "offer":{
			 "itemKey":"tac:nato_556_bullet",
			 "amount":12
		  },
		  "request":{
			"itemKey":"apocalypsenow:money",
			 "amount":8
		  },
		  "tradeExp":10,
		  "maxUses":8,
		  "priceMultiplier":0.0,
		  "demand":0,
		  "tradeLevel":2
	   },
	   {
		  "isRare":true,
		  "offer":{
			 "itemKey":"tac:762x54",
			 "amount":12
		  },
		  "request":{
			"itemKey":"apocalypsenow:money",
			 "amount":8
		  },
		  "tradeExp":10,
		  "maxUses":8,
		  "priceMultiplier":0.0,
		  "demand":0,
		  "tradeLevel":2
	   },
	   {
		  "isRare":true,
		  "offer":{
			 "itemKey":"tac:762x39",
			 "amount":12
		  },
		  "request":{
			"itemKey":"apocalypsenow:money",
			 "amount":8
		  },
		  "tradeExp":10,
		  "maxUses":8,
		  "priceMultiplier":0.0,
		  "demand":0,
		  "tradeLevel":2
	   },
	   {
		  "isRare":true,
		  "offer":{
			 "itemKey":"tac:58x42",
			 "amount":12
		  },
		  "request":{
			"itemKey":"apocalypsenow:money",
			 "amount":8
		  },
		  "tradeExp":10,
		  "maxUses":8,
		  "priceMultiplier":0.0,
		  "demand":0,
		  "tradeLevel":2
	   },
	   {
		  "isRare":true,
		  "offer":{
			 "itemKey":"contenttweaker:rubber",
			 "amount":1
		  },
		  "request":{
			"itemKey":"apocalypsenow:money",
			 "amount":6
		  },
		  "tradeExp":10,
		  "maxUses":4,
		  "priceMultiplier":0.0,
		  "demand":0,
		  "tradeLevel":2
	   },
	   {
		  "isRare":true,
		  "offer":{
			 "itemKey":"immersiveengineering:plate_duroplast",
			 "amount":1
		  },
		  "request":{
			"itemKey":"apocalypsenow:money",
			 "amount":6
		  },
		  "tradeExp":10,
		  "maxUses":4,
		  "priceMultiplier":0.0,
		  "demand":0,
		  "tradeLevel":2
	   },
	   {
		  "isRare":true,
		  "offer":{
			 "itemKey":"createbigcannons:recoil_spring",
			 "amount":1
		  },
		  "request":{
			"itemKey":"apocalypsenow:money",
			 "amount":24
		  },
		  "tradeExp":10,
		  "maxUses":4,
		  "priceMultiplier":0.0,
		  "demand":0,
		  "tradeLevel":2
	   }
	]
 }