[
	{
		"mod": "mutationcraft",
		"removeall": true
	},
	{
		"mod": "zombie_extreme",
		"removeall": true
	},
	{
		"remove": [
			"immersiveengineering:shader_bag_common",
			"immersiveengineering:shader_bag_uncommon",
			"immersiveengineering:shader_bag_rare",
			"immersiveengineering:shader_bag_epic",
			"immersiveengineering:shader_bag_ie_masterwork"]
	},
	{
		"mob": ["minecraft:zombie",
				"minecraft:husk",
				"minecraft:drowned",
				"zombie_extreme:crawler",
				"zombie_extreme:runner"],
		"random" : 0.4,
		"item": "minecraft:string",
		"itemcount": "2/3/4"
	},
	{
		"mob": ["minecraft:zombie",
				"minecraft:husk",
				"minecraft:drowned",
				"zombie_extreme:crawler",
				"zombie_extreme:runner"],
		"random" : 0.1,
		"item": "tac:9mm_round",
		"itemcount": "1/1/2"
	},
	{
		"mob": ["minecraft:zombie",
				"minecraft:husk",
				"minecraft:drowned",
				"zombie_extreme:crawler",
				"zombie_extreme:runner"],
		"random" : 0.05,
		"item": "tac:round45",
		"itemcount": "1/1/2"
	},
	{
		"mob": ["minecraft:zombie",
				"minecraft:husk",
				"minecraft:drowned",
				"zombie_extreme:crawler",
				"zombie_extreme:runner"],
		"random" : 0.5,
		"item": "minecraft:bone",
		"itemcount": "2/2/3"
	},
	{
		"mob": ["zombie_extreme:infected_police"],
		"item": "tac:9mm_round",
		"itemcount": "4/7/10"
	},
	{
		"mob": ["zombie_extreme:infected_police"],
		"item": "tac:round45",
		"itemcount": "2/3/4"
	},
	{
		"mob": ["zombie_extreme:faceless",
				"zombie_extreme:revived"],
		"random" : 0.25,
		"item": "tac:nato_556_bullet",
		"itemcount": "4-8/9-12/12-15"
	},
	{
		"mob": ["zombie_extreme:goon",
				"zombie_extreme:divided",
				"zombie_extreme:fetus",
				"zombie_extreme:inflated"],
		"item": "tac:nato_556_bullet",
		"itemcount": "4-8/9-12/12-15"
	},
	{
		"mob": ["zombie_extreme:goon",
				"zombie_extreme:divided",
				"zombie_extreme:fetus",
				"zombie_extreme:inflated"],
		"item": "tac:762x39",
		"itemcount": "4-8/9-12/12-15"
	},
	{
		"mob": ["zombie_extreme:goon",
				"zombie_extreme:divided",
				"zombie_extreme:fetus",
				"zombie_extreme:inflated"],
		"player": true,
		"random" : 0.5,
		"item": "mutationcraft:putrid_claw",
		"itemcount": "2/3/4"
	},
	{
		"mob": ["zombie_extreme:goon",
				"zombie_extreme:divided",
				"zombie_extreme:fetus",
				"zombie_extreme:inflated"],
		"player": true,
		"random" : 0.25,
		"item": "mutationcraft:putrid_heart",
		"itemcount": "1/1/1"
	},
	{
		"mob": ["zombie_extreme:rat_king",
				"zombie_extreme:patient_zero"],
		"item": "contenttweaker:resistant_fabric",
		"itemcount": "3/4/5"
	},
	{
		"mob": ["zombie_extreme:rat_king",
				"zombie_extreme:patient_zero"],
		"item": "contenttweaker:rubber",
		"itemcount": "3/4/5"
	},
	{
		"mob": ["zombie_extreme:rat_king",
				"zombie_extreme:patient_zero"],
		"item": "contenttweaker:high_carbon_steel_alloy",
		"itemcount": "1/2/3"
	},
	{
		"mob": ["zombie_extreme:rat_king",
				"zombie_extreme:patient_zero"],
		"item": "quark:gunpowder_sack",
		"itemcount": "2/3/4"
	},
	{
		"mob": ["zombie_extreme:rat_king",
				"zombie_extreme:patient_zero"],
		"item": "tac:nato_556_bullet",
		"itemcount": "24-30/31-36/37-45"
	},
	{
		"mob": ["zombie_extreme:rat_king",
				"zombie_extreme:patient_zero"],
		"item": "tac:762x39",
		"itemcount": "24-30/31-36/37-45"
	},
	{
		"mob": ["zombie_extreme:demolisher"],
		"random": 0.75,
		"item": "contenttweaker:resistant_fabric",
		"itemcount": "2/3/4"
	},
	{
		"mob": ["zombie_extreme:demolisher"],
		"item": "contenttweaker:rubber",
		"itemcount": "1/2/3"
	},
	{
		"mob": ["zombie_extreme:demolisher"],
		"random": 0.5,
		"item": "quark:gunpowder_sack",
		"itemcount": "2/3/4"
	},
	{
		"mob": ["zombie_extreme:demolisher"],
		"item": "tac:round45",
		"itemcount": "24-30/31-36/37-45"
	},
	{
		"mob": ["zombie_extreme:demolisher"],
		"item": "tac:9mm_round",
		"itemcount": "24-30/31-36/37-45"
	},
	{
		"mob": ["zombie_extreme:demolisher"],
		"random": 0.25,
		"item": "tac:nato_556_bullet",
		"itemcount": "24-30/31-36/37-45"
	},
	{
		"mob": ["zombie_extreme:demolisher"],
		"random": 0.25,
		"item": "tac:762x39",
		"itemcount": "24-30/31-36/37-45"
	},
	{
		"mob": ["minecraft:zombie",
				"minecraft:husk",
				"minecraft:drowned",
				"mutationcraft:assimilated_roamer",
				"mutationcraft:developed_roamer",
				"minecraft:pillager",
				"minecraft:vindicator",
				"undead_revamp2:bomber",
				"undead_revamp2:theordure",
				"undead_revamp2:thepregnant",
				"undead_revamp2:thesmoker",
				"mutationcraft:human_stage_1",
				"mutationcraft:human_stage_2",
				"mutationcraft:human_stage_3"],
		"minspawndist": 15000,
		"random" : 0.07,
		"item": "tac:nato_556_bullet",
		"itemcount": "2/3/4"
	},
	{
		"mob": ["minecraft:zombie",
				"minecraft:husk",
				"minecraft:drowned",
				"mutationcraft:assimilated_roamer",
				"mutationcraft:developed_roamer",
				"minecraft:pillager",
				"minecraft:vindicator",
				"undead_revamp2:bomber",
				"undead_revamp2:theordure",
				"undead_revamp2:thepregnant",
				"undead_revamp2:thesmoker",
				"mutationcraft:human_stage_1",
				"mutationcraft:human_stage_2",
				"mutationcraft:human_stage_3"],
		"minspawndist": 15000,
		"random" : 0.03,
		"item": "tac:762x39",
		"itemcount": "2/3/4"
	},
	{
		"mob": ["minecraft:zombie",
				"minecraft:husk",
				"minecraft:drowned",
				"mutationcraft:assimilated_roamer",
				"mutationcraft:developed_roamer"],
		"random" : 0.01,
		"item": "apocalypsenow:money",
		"itemcount": "1/2/2"
	},
	{
		"mob": ["minecraft:pillager", "minecraft:vindicator"],
		"removeall": true
	},
	{
		"mob": ["minecraft:pillager",
				"minecraft:vindicator",
				"minecraft:villager"],
		"random" : 0.75,
		"item": "apocalypsenow:money",
		"itemcount": "1-2/1-3/2-4"
	},
	{
		"mod": "zombiemobs",
		"random" : 0.3,
		"item": "minecraft:rotten_flesh",
		"itemcount": "1/1/2"
	},
	{
		"mod": "zombiemobs",
		"random" : 0.4,
		"item": "minecraft:bone",
		"itemcount": "2/2/3"
	},
	{
		"mob": "undead_revamp2:bomber",
		"random" : 0.6,
		"item": "minecraft:gunpowder",
		"itemcount": "1-2/2-3/3-4"
	},
	{
		"mob": "undead_revamp2:theordure",
		"random" : 0.3,
		"item": "minecraft:gunpowder",
		"itemcount": "1/2/3"
	},
	{
		"mod": "undead_revamp2",
		"player": true,
		"random" : 0.8,
		"item": "minecraft:string",
		"itemcount": "4/5/6"
	},
	{
		"mod": "undead_revamp2",
		"player": true,
		"random" : 0.3,
		"item": "minecraft:rotten_flesh",
		"itemcount": "2/2/3"
	},
	{
		"mod": "undead_revamp2",
		"player": true,
		"random" : 0.6,
		"item": "minecraft:bone",
		"itemcount": "2/2/3"
	},
	{
		"mob": ["mutationcraft:assimilated_human",
				"mutationcraft:human_stage_1",
				"mutationcraft:human_stage_2",
				"mutationcraft:human_stage_3"],
		"random" : 0.05,
		"item": "contenttweaker:resistant_fabric",
		"itemcount": "1/2/3"
	},
	{
		"mob": ["mutationcraft:assimilated_human",
				"mutationcraft:human_stage_1",
				"mutationcraft:human_stage_2",
				"mutationcraft:human_stage_3"],
		"random" : 0.5,
		"item": "minecraft:gunpowder",
		"itemcount": "3/4/5"
	},
	{
		"mob": ["mutationcraft:assimilated_human",
				"mutationcraft:human_stage_1",
				"mutationcraft:human_stage_2",
				"mutationcraft:human_stage_3"],
		"random" : 0.3,
		"item": "tac:nato_556_bullet",
		"itemcount": "2/3/4"
	},
	{
		"mob": "mutationcraft:parasitic_shooter",
		"item": "contenttweaker:resistant_fabric",
		"itemcount": "1/2/3"
	},
	{
		"mob": "mutationcraft:parasitic_shooter",
		"item": "minecraft:phantom_membrane",
		"itemcount": "3/4/5"
	},
	{
		"mob": "mutationcraft:parasitic_shooter",
		"item": "mutationcraft:putrid_brain",
		"itemcount": "2/3/4"
	},
	{
		"mob": ["mutationcraft:assimilated_jockey",
				"mutationcraft:reductor",
				"mutationcraft:carnivorae"],
		"random" : 0.2,
		"item": "contenttweaker:rubber",
		"itemcount": "1/2/3"
	},
	{
		"mob": ["mutationcraft:assimilated_jockey",
				"mutationcraft:reductor"],
		"item": "minecraft:gunpowder",
		"itemcount": "4/5/6"
	},
	{
		"mob": ["mutationcraft:assimilated_jockey",
				"mutationcraft:reductor"],
		"item": "tac:nato_556_bullet",
		"itemcount": "1-4/5-6/7-8"
	},
	{
		"mob": "mutationcraft:assimilated_jockey",
		"item": "tac:762x39",
		"itemcount": "1-4/5-6/7-8"
	},
	{
		"mob": "mutationcraft:human_herder",
		"item": "contenttweaker:resistant_fabric",
		"itemcount": "2/3/4"
	},
	{
		"mob": "mutationcraft:human_herder",
		"item": "contenttweaker:rubber",
		"itemcount": "2/3/4"
	},
	{
		"mob": "mutationcraft:human_herder",
		"item": "contenttweaker:high_carbon_steel_alloy",
		"itemcount": "1/1/1"
	},
	{
		"mob": "mutationcraft:human_herder",
		"item": "quark:gunpowder_sack",
		"itemcount": "2/3/4"
	},
	{
		"mob": "mutationcraft:human_herder",
		"item": "tac:nato_556_bullet",
		"itemcount": "24-27/32-35/40-45"
	},
	{
		"mob": "mutationcraft:human_herder",
		"item": "tac:762x39",
		"itemcount": "24-27/32-35/40-45"
	},
	{
		"mob": "mutationcraft:resenter",
		"item": "contenttweaker:resistant_fabric",
		"itemcount": "3/4/5"
	},
	{
		"mob": "mutationcraft:resenter",
		"player": true,
		"item": "contenttweaker:high_carbon_steel_alloy",
		"itemcount": "2/3/4"
	},
	{
		"mob": "mutationcraft:resenter",
		"item": "contenttweaker:rubber",
		"itemcount": "3/4/5"
	},
	{
		"mob": "mutationcraft:resenter",
		"item": "quark:gunpowder_sack",
		"itemcount": "2/3/4"
	},
	{
		"mob": "mutationcraft:resenter",
		"item": "tac:nato_556_bullet",
		"itemcount": "24-27/32-35/40-45"
	},
	{
		"mob": "mutationcraft:resenter",
		"item": "tac:762x39",
		"itemcount": "24-27/32-35/40-45"
	},
	{
		"mob": "mutationcraft:the_intoxicator",
		"item": "contenttweaker:resistant_fabric",
		"itemcount": "4-6/6-8/8-10"
	},
	{
		"mob": "mutationcraft:the_intoxicator",
		"item": "contenttweaker:high_carbon_steel_alloy",
		"itemcount": "4-5/6-7/8-9"
	},
	{
		"mob": "mutationcraft:the_intoxicator",
		"item": "contenttweaker:rubber",
		"itemcount": "3-4/4-5/5-6"
	},
	{
		"mob": "mutationcraft:the_intoxicator",
		"item": "quark:gunpowder_sack",
		"itemcount": "5-6/7-8/9-10"
	},
	{
		"mob": "mutationcraft:the_intoxicator",
		"random" : 0.1,
		"item": "minecraft:golden_apple",
		"itemcount": "1/1/1"
	},
	{
		"mob": "mutationcraft:the_intoxicator",
		"item": "minecraft:nether_star",
		"itemcount": "1/1/1"
	},
	{
		"mob": "mutationcraft:the_intoxicator",
		"item": "tac:nato_556_bullet",
		"itemcount": "48-54/55-59/60-64"
	},
	{
		"mob": "mutationcraft:the_intoxicator",
		"item": "tac:762x39",
		"itemcount": "48-54/55-59/60-64"
	}
]