[
	{
		"mob": ["minecraft:zombie", "minecraft:husk"],
		"persecond": 0.4,
		"attempts": 30,
		"amount": {
		  "minimum": 1,
		  "maximum": 4,
		  "groupdistance": 3
		},
		"conditions": {
		  "dimension": "minecraft:overworld",
		  "norestrictions": true,
		  "mindist": 25,
		  "maxdist": 200,
		  "minheight": 45,
		  "maxheight": 300
		}
	},
	{
		"mob": "minecraft:hoglin",
		"persecond": 0.1,
		"attempts": 20,
		"amount": {
		  "minimum": 1,
		  "maximum": 3,
		  "groupdistance": 3
		},
		"conditions": {
			"dimension": "minecraft:overworld",
			"norestrictions": true,
			"mindist": 25,
			"maxdist": 200,
			"minheight": 45,
			"maxheight": 150
		}
	},
	{
		"mob": "quark:shiba",
		"persecond": 0.0001,
		"attempts": 5,
		"conditions": {
		"dimension": "minecraft:overworld",
			"norestrictions": true,
			"mindist": 5,
			"maxdist": 200,
			"minheight": 71,
			"maxheight": 300,
			"maxlocal": 3
		}
	},
	{
		"mob": "crittersandcompanions:otter",
		"persecond": 0.01,
		"attempts": 10,
		"conditions": {
		"dimension": "minecraft:overworld",
			"norestrictions": true,
			"mindist": 10,
			"maxdist": 160,
			"minheight": 41,
			"maxheight": 300,
			"maxlocal": 3
		}
	},
	{
		"mob": "minecraft:wandering_trader",
		"persecond": 0.001,
		"attempts": 1,
		"conditions": {
		"dimension": "minecraft:overworld",
			"norestrictions": true,
			"mindist": 15,
			"maxdist": 40,
			"minheight": 45,
			"maxheight": 300,
			"maxlocal": 1
		}
	},
	{
		"mob": ["minecraft:pillager", "minecraft:vindicator"],
		"persecond": 0.005,
		"attempts": 20,
		"amount": {
		  "minimum": 1,
		  "maximum": 2,
		  "groupdistance": 1
		},
		"conditions": {
		  "dimension": "minecraft:overworld",
		  "norestrictions": true,
		  "mindist": 10,
		  "maxdist": 200,
		  "minheight": 71,
		  "maxheight": 300
		}
	},
	{
		"mob": "minecraft:villager",
		"persecond": 0.0025,
		"attempts": 20,
		"amount": {
		  "minimum": 1,
		  "maximum": 2,
		  "groupdistance": 1
		},
		"conditions": {
		  "dimension": "minecraft:overworld",
		  "norestrictions": true,
		  "mindist": 10,
		  "maxdist": 200,
		  "minheight": 71,
		  "maxheight": 300
		}
	},
	{
		"mob": ["mutationcraft:assimilated_bear",
				"mutationcraft:assimilated_cow",
				"mutationcraft:assimilated_donkey",
				"mutationcraft:assimilated_horse",
				"mutationcraft:assimilated_fox",
				"mutationcraft:assimilated_sheep",
				"mutationcraft:assimilated_villager",
				"mutationcraft:assimilated_wolf",
				"mutationcraft:assimilated_roamer",
				"mutationcraft:developed_roamer"],
		"persecond": 0.75,
		"attempts": 20,
		"amount": {
		  "minimum": 1,
		  "maximum": 3,
		  "groupdistance": 5
		},
		"conditions": {
		  "dimension": "minecraft:overworld",
		  "norestrictions": true,
		  "mindist": 25,
		  "maxdist": 200,
		  "minheight": 45,
		  "maxheight": 300
		}
	},
	{
		"mob": ["mutationcraft:reductor"],
		"persecond": 0.15,
		"attempts": 25,
		"conditions": {
		  "dimension": "minecraft:overworld",
		  "norestrictions": true,
		  "mindist": 30,
		  "maxdist": 200,
		  "minheight": 61,
		  "maxheight": 300
		}
	},
	{
		"mob": ["mutationcraft:assimilated_human",
				"mutationcraft:human_stage_1",
				"mutationcraft:human_stage_2",
				"mutationcraft:human_stage_3"],
		"persecond": 0.5,
		"attempts": 20,
		"amount": {
		  "minimum": 1,
		  "maximum": 2,
		  "groupdistance": 5
		},
		"conditions": {
		  "dimension": "minecraft:overworld",
		  "norestrictions": true,
		  "mindist": 25,
		  "maxdist": 200,
		  "minheight": 45,
		  "maxheight": 300
		}
	},
	{
		"mob": "mutationcraft:resenter",
		"persecond": 0.01,
		"attempts": 10,
		"conditions": {
		  "dimension": "minecraft:overworld",
		  "norestrictions": true,
		  "mindist": 25,
		  "maxdist": 240,
		  "minheight": 61,
		  "maxheight": 300,
		  "maxlocal": 1
		}
	},
	{
		"mob": "mutationcraft:human_herder",
		"persecond": 0.1,
		"attempts": 15,
		"conditions": {
		  "dimension": "minecraft:overworld",
		  "norestrictions": true,
		  "mindist": 5,
		  "maxdist": 240,
		  "minheight": 125,
		  "maxheight": 171,
		  "maxlocal": 1
		}
	},
	{
		"mob": "mutationcraft:the_intoxicator",
		"persecond": 0.005,
		"attempts": 10,
		"conditions": {
		  "dimension": "minecraft:overworld",
		  "norestrictions": true,
		  "mindist": 25,
		  "maxdist": 240,
		  "minheight": 45,
		  "maxheight": 300,
		  "maxlocal": 1
		}
	},
	{
		"mob": ["undead_revamp2:thepregnant",
				"undead_revamp2:theordure",
				"undead_revamp2:the_moonflower",
				"undead_revamp2:thesmoker",
				"undead_revamp2:bomber",
				"undead_revamp2:thespitter"],
		"persecond": 0.5,
		"attempts": 25,
		"conditions": {
		  "dimension": "minecraft:overworld",
		  "norestrictions": true,
		  "mindist": 25,
		  "maxdist": 200,
		  "minheight": 0,
		  "maxheight": 300
		}
	},
	{
		"mob": ["undead_revamp2:clogger"],
		"persecond": 0.1,
		"attempts": 10,
		"conditions": {
		  "dimension": "minecraft:overworld",
		  "norestrictions": true,
		  "mindist": 10,
		  "maxdist": 200,
		  "minheight": -60,
		  "maxheight": 300,
		  "maxlocal": 1
		}
	},
	{
		"mob": ["undead_revamp2:theheavy",
				"undead_revamp2:thespectre"],
		"persecond": 0.5,
		"attempts": 20,
		"conditions": {
		  "dimension": "minecraft:overworld",
		  "norestrictions": true,
		  "mindist": 10,
		  "maxdist": 200,
		  "minheight": -60,
		  "maxheight": 300
		}
	},
	{
		"mob": ["undead_revamp2:thegliter"],
		"persecond": 0.5,
		"attempts": 20,
		"conditions": {
		  "dimension": "minecraft:overworld",
		  "norestrictions": true,
		  "mindist": 10,
		  "maxdist": 200,
		  "minheight": -60,
		  "maxheight": 300
		}
	},
	{
		"mob": ["undead_revamp2:thebidy"],
		"persecond": 0.05,
		"attempts": 10,
		"conditions": {
		  "dimension": "minecraft:overworld",
		  "norestrictions": true,
		  "mindist": 25,
		  "maxdist": 200,
		  "minheight": -60,
		  "maxheight": 60
		}
	},
	{
		"mob": ["zombie_extreme:bomber",
				"zombie_extreme:boomer",
				"zombie_extreme:clicker",
				"zombie_extreme:devastated"],
		"persecond": 0.1,
		"attempts": 25,
		"conditions": {
		  "dimension": "minecraft:overworld",
		  "norestrictions": true,
		  "mindist": 25,
		  "maxdist": 165,
		  "minheight": -20,
		  "maxheight": 300
		}
	},
	{
		"mob": ["zombie_extreme:crawler",
				"zombie_extreme:runner"],
		"persecond": 0.05,
		"attempts": 25,
		"conditions": {
		  "dimension": "minecraft:overworld",
		  "norestrictions": true,
		  "mindist": 25,
		  "maxdist": 165,
		  "minheight": 45,
		  "maxheight": 300
		}
	},
	{
		"mob": ["zombie_extreme:infected_police"],
		"persecond": 0.05,
		"attempts": 20,
		"conditions": {
		  "dimension": "minecraft:overworld",
		  "norestrictions": true,
		  "mindist": 25,
		  "maxdist": 165,
		  "minheight": 45,
		  "maxheight": 300
		}
	},
	{
		"mob": ["zombie_extreme:faceless",
				"zombie_extreme:revived",
				"zombie_extreme:inflated"],
		"persecond": 0.5,
		"attempts": 20,
		"conditions": {
		  "dimension": "minecraft:overworld",
		  "norestrictions": true,
		  "mindist": 25,
		  "maxdist": 165,
		  "minheight": 45,
		  "maxheight": 300
		}
	},
	{
		"mob": ["zombie_extreme:infected_military",
				"zombie_extreme:infected_juggernaut",
				"zombie_extreme:infected_hazmat"],
		"persecond": 0.3,
		"attempts": 20,
		"conditions": {
		  "dimension": "minecraft:overworld",
		  "norestrictions": true,
		  "mindist": 25,
		  "maxdist": 165,
		  "minheight": 45,
		  "maxheight": 300
		}
	},
	{
		"mob": ["zombie_extreme:demolisher"],
		"persecond": 0.01,
		"attempts": 3,
		"conditions": {
		  "dimension": "minecraft:overworld",
		  "norestrictions": true,
		  "mindist": 25,
		  "maxdist": 165,
		  "minheight": 45,
		  "maxheight": 300,
		  "maxlocal": 2
		}
	},
	{
		"mob": "minecraft:blaze",
		"persecond": 1.0,
		"attempts": 30,
		"amount": {
		  "minimum": 1,
		  "maximum": 3,
		  "groupdistance": 2
		},
		"conditions": {
		  "dimension": "minecraft:overworld",
		  "norestrictions": true,
		  "mindist": 15,
		  "maxdist": 180,
		  "minheight": 45,
		  "maxheight": 300,
		  "maxlocal": 20
		}
	},
	{
		"mob": ["mutationcraft:parasitic_shooter"],
		"persecond": 0.5,
		"attempts": 25,
		"conditions": {
			"dimension": "deceasedcraft:abyss",
		  "norestrictions": true,
		  "inair": true,
		  "mindist": 30,
		  "maxdist": 200,
		  "minheight": -60,
		  "maxheight": 350
		}
	},
	{
		"mob": ["mutationcraft:assimilated_jockey"],
		"persecond": 0.15,
		"attempts": 25,
		"conditions": {
		"dimension": "deceasedcraft:abyss",
		  "norestrictions": true,
		  "mindist": 30,
		  "maxdist": 200,
		  "minheight": -60,
		  "maxheight": 350
		}
	},
	{
		"mob": ["alexsmobs:crimson_mosquito"],
		"persecond": 0.5,
		"attempts": 20,
		"amount": {
		  "minimum": 1,
		  "maximum": 2,
		  "groupdistance": 3
		},
		"conditions": {
		  "dimension": "deceasedcraft:abyss",
		  "norestrictions": true,
		  "mindist": 20,
		  "maxdist": 160,
		  "minheight": -60,
		  "maxheight": 350
		}
	},
	{
		"mob": ["minecraft:spider",
				"minecraft:cave_spider"],
		"persecond": 0.25,
		"attempts": 30,
		"amount": {
		  "minimum": 3,
		  "maximum": 5,
		  "groupdistance": 1
		},
		"conditions": {
		  "dimension": "deceasedcraft:abyss",
		  "norestrictions": true,
		  "mindist": 20,
		  "maxdist": 160,
		  "minheight": -60,
		  "maxheight": 350
		}
	},
	{
		"mob": ["zombie_extreme:inflated",
				"zombie_extreme:fetus",
				"zombie_extreme:divided",
				"zombie_extreme:goon"],
		"persecond": 0.5,
		"attempts": 30,
		"conditions": {
			"dimension": "deceasedcraft:abyss",
		  "norestrictions": true,
		  "mindist": 10,
		  "maxdist": 120,
		  "minheight": -60,
		  "maxheight": 350
		}
	},
	{
		"mob": ["zombie_extreme:patient_zero",
				"zombie_extreme:rat_king"],
		"persecond": 0.05,
		"attempts": 20,
		"conditions": {
		  "dimension": "deceasedcraft:abyss",
		  "norestrictions": true,
		  "mindist": 10,
		  "maxdist": 120,
		  "minheight": -60,
		  "maxheight": 350
		}
	},
	{
		"mob": ["alexsmobs:centipede_head"],
		"persecond": 0.01,
		"attempts": 3,
		"conditions": {
		  "dimension": "deceasedcraft:abyss",
		  "norestrictions": true,
		  "mindist": 10,
		  "maxdist": 120,
		  "minheight": -60,
		  "maxheight": 300,
		  "maxlocal": 2
		}
	},
	{
		"mob": ["mutationcraft:human_herder",
				"mutationcraft:resenter"],
		"persecond": 0.05,
		"attempts": 15,
		"conditions": {
			"dimension": "deceasedcraft:abyss",
			"norestrictions": true,
			"mindist": 10,
			"maxdist": 120,
			"minheight": -60,
			"maxheight": 300,
			"maxlocal": 4
		}
	}
]